V,gamma_deg,alpha_deg,epsilon_deg,n_rpm,Thrust_N,Lift_N,Drag_N,CP,Advance_Ratio,Horizontal_Distance_m,L_over_W,T_over_W,L_over_D
25,10,5,0,3000,697425.093373595,164.753652686798,20.7935523476197,0.0265602938970863,0.010252624671916,-1984.9486368662,1.01171445836433,4282.72781261802,7.92330477892868
