V,gamma_deg,alpha_deg,epsilon_deg,n_rpm,Thrust_N,Lift_N,Drag_N,CP,Advance_Ratio,Horizontal_Distance_m,L_over_W,T_over_W,L_over_D
10.6815253257002,-12.7936242305006,13.2529452788072,89.9999580152296,31.6605606293745,116.974171368787,44.9475250855368,9.2451395225537,0.00995818856328021,0.41507920735818,1541.32463055397,0.276012460149692,0.718311603409275,4.86174653999396
