V,gamma_deg,alpha_deg,epsilon_deg,n_rpm,Thrust_N,Lift_N,Drag_N,CP,Advance_Ratio,Horizontal_Distance_m,L_over_W,T_over_W,L_over_D
19.6991465594353,30,0.935708812886428,35,54,112.443035647892,75.0356638308349,9.62272084474459,0.0227466528710152,0.448817680068792,-606.217782649107,0.460776831060234,0.690486936417793,7.79775959850434
