V,gamma_deg,alpha_deg,epsilon_deg,n_rpm,Thrust_N,Lift_N,Drag_N,CP,Advance_Ratio,Horizontal_Distance_m,L_over_W,T_over_W,L_over_D
24.9498422700075,1.33971122657604,1.94821969376816,55.6369930334839,30.696164210147,37.1657232611768,131.426567858486,16.115109708568,0.019578643241052,1,-14965.8132605324,0.807060461162609,0.228226196904909,8.15548700786134
