V,gamma_deg,alpha_deg,epsilon_deg,n_rpm,Thrust_N,Lift_N,Drag_N,CP,Advance_Ratio,Horizontal_Distance_m,L_over_W,T_over_W,L_over_D
23.4147005878958,2.6557336724455,2.18258753628462,61.6727478375222,28.8074564319583,49.7701075429892,117.993251995758,14.3852340805789,0.0252698062211642,1,-7545.62089509773,0.724569544205922,0.305626834819334,8.20238665111865
