V,gamma_deg,alpha_deg,epsilon_deg,n_rpm,Thrust_N,Lift_N,Drag_N,CP,Advance_Ratio,Horizontal_Distance_m,L_over_W,T_over_W,L_over_D
22.4885895094735,9.85420519118625,0.245816608405305,59.4399298948964,37.7268828480504,79.7162420258911,91.6267987868177,12.366429440114,0.0254422466008979,0.733377528920342,-2014.91685980844,0.562659192039213,0.489519190068476,7.40931723506222
