V,gamma_deg,alpha_deg,epsilon_deg,n_rpm,Thrust_N,Lift_N,Drag_N,CP,Advance_Ratio,Horizontal_Distance_m,L_over_W,T_over_W,L_over_D
40,3.80095036822327e-19,-3.55642608483937,-18.1880990482206,49.2125984242813,49.0411530041672,181.014211374505,45.551627644211,-0.0163977890651756,1.0000000000186,-5.2759233578082e+22,1.11156682617015,0.30115049190135,3.97382532164049
