V,gamma_deg,alpha_deg,epsilon_deg,n_rpm,Thrust_N,Lift_N,Drag_N,CP,Advance_Ratio,Horizontal_Distance_m,L_over_W,T_over_W,L_over_D
23.4683716033428,21.652888258549,-0.649532410281153,40,54,95.1483241560268,91.02502099477,13.4891391245451,0.0206727369413256,0.534694234911389,-881.620587289077,0.558963812404173,0.584284073026213,6.74802299496928
