V,gamma_deg,alpha_deg,epsilon_deg,n_rpm,Thrust_N,Lift_N,Drag_N,CP,Advance_Ratio,Horizontal_Distance_m,L_over_W,T_over_W,L_over_D
22.2968491014552,1.00000000000009,10,30,25,-8.90281642111152,171.497673611068,28.7147018351788,-0.00416304108850523,1.09728588097713,-20051.4865707639,1.05312794671695,-0.054670157210564,5.97246924573544
