V,gamma_deg,alpha_deg,epsilon_deg,n_rpm,Thrust_N,Lift_N,Drag_N,CP,Advance_Ratio,Horizontal_Distance_m,L_over_W,T_over_W,L_over_D
22.4480902765976,10.1085116977947,0.213137364390084,59.2433051321938,38.0053826750963,80.4799169962179,91.0053898496513,12.3177636180073,0.0254270449765892,0.726692361999725,-1963.19948914986,0.55884326203684,0.494208743206575,7.38814225307998
