V,gamma_deg,alpha_deg,epsilon_deg,n_rpm,Thrust_N,Lift_N,Drag_N,CP,Advance_Ratio,Horizontal_Distance_m,L_over_W,T_over_W,L_over_D
10,35,55.1615434291044,-28.1838975022154,52.5828504476034,161.737594346349,60.024517134814,50.7332385000029,0.0273481406663418,0.233976467642407,-499.85180235974,0.368596816224003,0.993193534666797,1.18313986864471
