V,gamma_deg,alpha_deg,epsilon_deg,n_rpm,Thrust_N,Lift_N,Drag_N,CP,Advance_Ratio,Horizontal_Distance_m,L_over_W,T_over_W,L_over_D
22.113564377162,12.2669743371983,-0.0343514822650296,57.5048101444227,40.2608889699082,86.536842591297,86.1674834472997,11.9344061037871,0.0252869717156061,0.675758776871769,-1609.70216111961,0.529134786530217,0.531402936463266,7.22008977220546
