V,gamma_deg,alpha_deg,epsilon_deg,n_rpm,Thrust_N,Lift_N,Drag_N,CP,Advance_Ratio,Horizontal_Distance_m,L_over_W,T_over_W,L_over_D
25.8150586840244,-9.54985951411193,4.16748616688582,36.5178861091604,31.7606529084944,-8.68456854682985,166.250727429967,20.4315841880266,1.25940924355916e-15,1,2080.39451199106,1.02090765158473,-0.0533299469856788,8.13694747798331
