V,gamma_deg,alpha_deg,epsilon_deg,n_rpm,Thrust_N,Lift_N,Drag_N,CP,Advance_Ratio,Horizontal_Distance_m,L_over_W,T_over_W,L_over_D
23.4147003738175,2.6557337494283,2.18258758001191,61.6727486781194,28.8074561685748,49.7701090926297,117.993250256049,14.3852338552691,0.0252698069306054,0.999999999999999,-7545.62067605625,0.724569533522767,0.305626844335321,8.202386658652
