V,gamma_deg,alpha_deg,epsilon_deg,n_rpm,Thrust_N,Lift_N,Drag_N,CP,Advance_Ratio,Horizontal_Distance_m,L_over_W,T_over_W,L_over_D
19.57641689483,0.172193028129723,16.7340066407579,-25.4809611030688,49.8471739905092,43.6684661002419,169.485965340832,42.6711780659235,0.0149335128134997,0.483180021114606,-116459.200889908,1.04077450683978,0.268158051780467,3.97190733939873
