V,gamma_deg,alpha_deg,epsilon_deg,n_rpm,Thrust_N,Lift_N,Drag_N,CP,Advance_Ratio,Horizontal_Distance_m,L_over_W,T_over_W,L_over_D
23.6377486651102,1.41409115869444,3.11393241019331,56.4911467052153,29.081875818295,38.854939846894,129.281745798221,15.6402202762359,0.0215469174389059,1,-14178.3298841493,0.79388959997925,0.238599289186679,8.26597985928974
