V,gamma_deg,alpha_deg,epsilon_deg,n_rpm,Thrust_N,Lift_N,Drag_N,CP,Advance_Ratio,Horizontal_Distance_m,L_over_W,T_over_W,L_over_D
22.2664289063701,11.2675131445229,0.0738625993457948,58.3242363718357,39.2399609068523,83.8227593854878,88.3145969972969,12.1058167891461,0.0253544743573629,0.698133228734329,-1756.76228214156,0.542319719227349,0.51473637292588,7.29522001988979
