V,gamma_deg,alpha_deg,epsilon_deg,n_rpm,Thrust_N,Lift_N,Drag_N,CP,Advance_Ratio,Horizontal_Distance_m,L_over_W,T_over_W,L_over_D
23.3724638506638,2.55568920436696,2.32923466593306,61.2480049509566,28.7554919422535,48.8206716681245,118.963402593212,14.463389026193,0.0250452863925587,1.00000000000001,-7841.41568553751,0.730527016894566,0.299796566499174,8.22514020592072
