V,gamma_deg,alpha_deg,epsilon_deg,n_rpm,Thrust_N,Lift_N,Drag_N,CP,Advance_Ratio,Horizontal_Distance_m,L_over_W,T_over_W,L_over_D
19.6991465606097,30,0.935708811339896,35,54,112.443035634336,75.0356638292064,9.62272084545072,0.0227466528695738,0.448817680095547,-606.217782649107,0.460776831050234,0.690486936334547,7.79775959776289
