V,gamma_deg,alpha_deg,epsilon_deg,n_rpm,Thrust_N,Lift_N,Drag_N,CP,Advance_Ratio,Horizontal_Distance_m,L_over_W,T_over_W,L_over_D
22.2968491014553,1,10,30,25,-8.90281642111157,171.497673611069,28.7147018351789,-0.00416304108850525,1.09728588097713,-20051.4865707658,1.05312794671695,-0.0546701572105644,5.97246924573544
