V,gamma_deg,alpha_deg,epsilon_deg,n_rpm,Thrust_N,Lift_N,Drag_N,CP,Advance_Ratio,Horizontal_Distance_m,L_over_W,T_over_W,L_over_D
25.266151141963,-2.01181471507836e-15,3.68981638086871,21.4057136703456,19.236160461335,20.6911745733155,154.037021231346,18.7431725773338,6.31945312340454e-06,1.61598380352336,9.96787759791176e+18,0.945906078327657,0.127059765504314,8.21830032219962
