V,gamma_deg,alpha_deg,epsilon_deg,n_rpm,Thrust_N,Lift_N,Drag_N,CP,Advance_Ratio,Horizontal_Distance_m,L_over_W,T_over_W,L_over_D
26.4047549910593,-7.52318619977765,3.24907479600998,40.046526755682,24.9893577671276,-2.1906179744596,162.946458641896,19.7266151534556,1.67435509901281e-14,1.30000000000008,2650.2259960277,1.00061689351839,-0.0134520834067745,8.26023407332257
