V,gamma_deg,alpha_deg,epsilon_deg,n_rpm,Thrust_N,Lift_N,Drag_N,CP,Advance_Ratio,Horizontal_Distance_m,L_over_W,T_over_W,L_over_D
25.2637611130765,-1.19495366191906e-15,3.69526280606784,21.3892967699582,19.2338721441459,20.7006071614938,154.067536788531,18.7485455809054,3.47440173551622e-07,1.61602318172104,1.67818413957353e+19,0.946093467377344,0.127117688868586,8.21757272443803
