V,gamma_deg,alpha_deg,epsilon_deg,n_rpm,Thrust_N,Lift_N,Drag_N,CP,Advance_Ratio,Horizontal_Distance_m,L_over_W,T_over_W,L_over_D
27.1554268022386,-5.16873576642137,2.18660206153227,34.0054441896445,22.2731519047231,5.8023716843634,158.757556589332,19.3534168430764,8.29891710907305e-15,1.50000000000001,3869.24287839854,0.974893805124669,0.0356310359748683,8.20307638059927
