V,gamma_deg,alpha_deg,epsilon_deg,n_rpm,Thrust_N,Lift_N,Drag_N,CP,Advance_Ratio,Horizontal_Distance_m,L_over_W,T_over_W,L_over_D
24.9571654541442,-7.43570473179603e-16,4.04833368617197,20.6741976732967,18.9723167361067,20.7858354480723,154.117022975718,18.8859101145832,7.46952134517836e-06,1.61841985142036,2.69692296196585e+19,0.946397350722267,0.127641056262188,8.16042340775057
